{
	"credit": "Made by NerdAmethyst",
	"textures": {
		"1": "block/jukebox_top",
		"3": "block/table",
		"4": "block/disc_center",
		"5": "block/jukebox_bottom",
		"6": "block/turntable",
		"7": "block/jukebox_side_play",
		"particle": "block/jukebox_side"
	},
	"elements": [
		{
			"from": [0, 0, 0],
			"to": [16, 16, 16],
			"faces": {
				"north": {"uv": [0, 0, 16, 15], "texture": "#7"},
				"east": {"uv": [0, 0, 16, 15], "texture": "#7"},
				"south": {"uv": [0, 0, 16, 15], "texture": "#7"},
				"west": {"uv": [0, 0, 16, 15], "texture": "#7"},
				"up": {"uv": [0, 0, 16, 16], "texture": "#1"},
				"down": {"uv": [0, 0, 16, 16], "texture": "#5"}
			}
		},
		{
			"from": [1.5, 16, 1.5],
			"to": [15, 17, 15],
			"rotation": {"angle": 0, "axis": "y", "origin": [9, 24, 9]},
			"faces": {
				"north": {"uv": [1, 1, 15, 2], "texture": "#1"},
				"east": {"uv": [1, 1, 15, 2], "texture": "#1"},
				"south": {"uv": [1, 1, 15, 2], "texture": "#1"},
				"west": {"uv": [1, 1, 15, 2], "texture": "#1", "cullface": "west"},
				"up": {"uv": [0, 0, 16, 16], "texture": "#3"}
			}
		},
		{
			"from": [14.5, 17, 1.5],
			"to": [15.5, 17.3, 15.5],
			"rotation": {"angle": 0, "axis": "x", "origin": [25, 25, 10]},
			"faces": {
				"north": {"uv": [0, 0, 1, 1], "texture": "#3"},
				"east": {"uv": [0, 0, 15, 1], "texture": "#1"},
				"south": {"uv": [0, 0, 1, 1], "texture": "#1"},
				"west": {"uv": [0, 0, 16, 1], "texture": "#3"},
				"up": {"uv": [0, 1, 1, 16], "texture": "#1"},
				"down": {"uv": [0, 0, 1, 15], "texture": "#1"}
			}
		},
		{
			"from": [0.5, 17, 0.5],
			"to": [1.5, 17.3, 14.5],
			"rotation": {"angle": 0, "axis": "y", "origin": [8, 25, 9]},
			"faces": {
				"north": {"uv": [0, 0, 1, 1], "texture": "#1"},
				"east": {"uv": [0, 0, 16, 1], "texture": "#3"},
				"south": {"uv": [0, 0, 1, 1], "texture": "#3"},
				"west": {"uv": [0, 0, 15, 1], "texture": "#1"},
				"up": {"uv": [0, 0, 1, 15], "texture": "#1"},
				"down": {"uv": [0, 1, 1, 16], "texture": "#1"}
			}
		},
		{
			"from": [0.5, 17, 14.5],
			"to": [14.5, 17.3, 15.5],
			"rotation": {"angle": 0, "axis": "y", "origin": [8, 25, 23]},
			"faces": {
				"north": {"uv": [0, 0, 16, 1], "texture": "#3"},
				"east": {"uv": [0, 0, 1, 1], "texture": "#3"},
				"south": {"uv": [0, 0, 15, 1], "texture": "#1"},
				"west": {"uv": [0, 0, 1, 1], "texture": "#1"},
				"up": {"uv": [0, 0, 15, 1], "texture": "#1"},
				"down": {"uv": [0, 0, 15, 1], "texture": "#1"}
			}
		},
		{
			"from": [1.5, 17, 0.5],
			"to": [15.5, 17.3, 1.5],
			"rotation": {"angle": 0, "axis": "y", "origin": [8, 25, 8]},
			"faces": {
				"north": {"uv": [0, 0, 15, 1], "texture": "#1"},
				"east": {"uv": [0, 0, 1, 1], "texture": "#1"},
				"south": {"uv": [0, 0, 16, 1], "texture": "#3"},
				"west": {"uv": [0, 0, 1, 1], "texture": "#3"},
				"up": {"uv": [1, 0, 16, 1], "texture": "#1"},
				"down": {"uv": [1, 0, 16, 1], "texture": "#1"}
			}
		},
		{
			"from": [6.77, 17, 6.77],
			"to": [7.27, 18, 7.27],
			"rotation": {"angle": 0, "axis": "y", "origin": [14, 25, 14]},
			"faces": {
				"north": {"uv": [3, 0, 4, 1], "texture": "#6"},
				"east": {"uv": [3, 0, 4, 1], "texture": "#6"},
				"south": {"uv": [2, 0, 3, 1], "texture": "#6"},
				"west": {"uv": [4, 0, 5, 1], "texture": "#6"},
				"up": {"uv": [6, 0, 7, 1], "texture": "#6"}
			}
		},
		{
			"name": "center",
			"from": [3, 17, 3],
			"to": [11, 17.7, 11],
			"rotation": {"angle": 0, "axis": "y", "origin": [7, 18, 7]},
			"faces": {
				"north": {"uv": [4, 11, 12, 12], "texture": "#4"},
				"east": {"uv": [4, 11, 12, 12], "texture": "#4"},
				"south": {"uv": [4, 4, 12, 5], "texture": "#4"},
				"west": {"uv": [4, 4, 12, 5], "texture": "#4"},
				"up": {"uv": [4, 4, 12, 12], "texture": "#4"}
			}
		},
		{
			"from": [4, 17, 2],
			"to": [10, 17.7, 3],
			"rotation": {"angle": 0, "axis": "y", "origin": [12, 25, 10]},
			"faces": {
				"north": {"uv": [5, 3, 11, 4], "texture": "#4"},
				"east": {"uv": [5, 3, 6, 4], "texture": "#4"},
				"west": {"uv": [5, 3, 6, 4], "texture": "#4"},
				"up": {"uv": [5, 3, 11, 4], "texture": "#4"}
			}
		},
		{
			"from": [4, 17, 11],
			"to": [10, 17.7, 12],
			"rotation": {"angle": 0, "axis": "y", "origin": [12, 25, 19]},
			"faces": {
				"east": {"uv": [5, 3, 6, 4], "texture": "#4"},
				"south": {"uv": [5, 3, 11, 4], "texture": "#4"},
				"west": {"uv": [5, 3, 6, 4], "texture": "#4"},
				"up": {"uv": [5, 3, 11, 4], "texture": "#4"}
			}
		},
		{
			"from": [2, 17, 4],
			"to": [3, 17.7, 10],
			"rotation": {"angle": 0, "axis": "y", "origin": [10, 25, 12]},
			"faces": {
				"north": {"uv": [5, 3, 6, 4], "texture": "#4"},
				"south": {"uv": [5, 3, 6, 4], "texture": "#4"},
				"west": {"uv": [5, 3, 11, 4], "texture": "#4"},
				"up": {"uv": [3, 5, 4, 11], "texture": "#4"}
			}
		},
		{
			"from": [11, 17, 4],
			"to": [12, 17.7, 10],
			"rotation": {"angle": 0, "axis": "y", "origin": [19, 25, 12]},
			"faces": {
				"north": {"uv": [7, 3, 8, 4], "texture": "#4"},
				"east": {"uv": [5, 3, 11, 4], "texture": "#4"},
				"south": {"uv": [5, 3, 6, 4], "texture": "#4"},
				"up": {"uv": [3, 5, 4, 11], "texture": "#4"}
			}
		},
		{
			"from": [12, 17, 12],
			"to": [13, 18, 13],
			"rotation": {"angle": 0, "axis": "y", "origin": [20, 25, 20]},
			"faces": {
				"north": {"uv": [6, 2, 9, 5], "texture": "#6"},
				"east": {"uv": [6, 2, 9, 5], "texture": "#6"},
				"south": {"uv": [6, 2, 9, 5], "texture": "#6"},
				"west": {"uv": [6, 2, 9, 5], "texture": "#6"},
				"up": {"uv": [0, 1, 1, 2], "texture": "#6"}
			}
		},
		{
			"from": [5, 17, 12],
			"to": [7, 17.7, 13],
			"rotation": {"angle": 0, "axis": "y", "origin": [13, 25, 20]},
			"faces": {
				"east": {"uv": [6, 5, 7, 7], "texture": "#6"},
				"south": {"uv": [6, 5, 9, 7], "texture": "#6"},
				"west": {"uv": [6, 5, 7, 7], "texture": "#6"},
				"up": {"uv": [6, 5, 9, 6], "texture": "#6"}
			}
		},
		{
			"from": [6.09847, 18, 12.09075],
			"to": [13.09847, 19, 13.09075],
			"rotation": {"angle": -22.5, "axis": "y", "origin": [13, 19, 12]},
			"faces": {
				"north": {"uv": [1, 0, 10, 2], "texture": "#6"},
				"east": {"uv": [1, 0, 3, 2], "texture": "#6"},
				"south": {"uv": [1, 0, 10, 2], "texture": "#6"},
				"west": {"uv": [1, 0, 3, 2], "texture": "#6"},
				"up": {"uv": [1, 0, 10, 2], "texture": "#6"},
				"down": {"uv": [1, 0, 10, 2], "texture": "#6"}
			}
		},
		{
			"from": [6.21371, 17.7, 12.3564],
			"to": [6.71371, 18, 12.8564],
			"rotation": {"angle": -22.5, "axis": "y", "origin": [13, 19, 12]},
			"faces": {
				"north": {"uv": [1, 2, 6, 6], "texture": "#6"},
				"east": {"uv": [1, 2, 6, 6], "texture": "#6"},
				"south": {"uv": [1, 2, 6, 6], "texture": "#6"},
				"west": {"uv": [1, 2, 6, 6], "texture": "#6"},
				"up": {"uv": [0, 0, 0.5, 0.5], "texture": "#6"},
				"down": {"uv": [1, 2, 6, 6], "texture": "#6"}
			}
		},
		{
			"from": [2, 17, 12],
			"to": [3, 17.2, 12.5],
			"rotation": {"angle": 0, "axis": "y", "origin": [10, 25, 20]},
			"faces": {
				"north": {"uv": [0, 0, 0.5, 0.2], "texture": "#6"},
				"east": {"uv": [0, 0, 1, 0], "texture": "#6"},
				"south": {"uv": [0, 0, 0.5, 0.2], "texture": "#6"},
				"west": {"uv": [0, 0, 1, 0.2], "texture": "#6"},
				"up": {"uv": [0, 0, 1, 1], "texture": "#6"},
				"down": {"uv": [0, 0, 0.5, 1], "texture": "#6"}
			}
		},
		{
			"from": [2, 17, 13],
			"to": [3, 17.2, 13.5],
			"rotation": {"angle": 0, "axis": "y", "origin": [10, 25, 21]},
			"faces": {
				"north": {"uv": [0, 0, 0.5, 0.2], "texture": "#6"},
				"east": {"uv": [0, 0, 1, 0], "texture": "#6"},
				"south": {"uv": [0, 0, 0.5, 0.2], "texture": "#6"},
				"west": {"uv": [0, 0, 1, 0.2], "texture": "#6"},
				"up": {"uv": [0, 0, 1, 1], "texture": "#6"},
				"down": {"uv": [0, 0, 0.5, 1], "texture": "#6"}
			}
		}
	],
	"groups": [0, 1,
		{
			"name": "group",
			"origin": [23, 25, 10],
			"children": [2, 3, 4, 5]
		}, 6,
		{
			"name": "disc",
			"origin": [8, 8, 8],
			"children": [7, 8, 9, 10, 11]
		},
		{
			"name": "reader",
			"origin": [14, 25, 14],
			"children": [12, 13, 14, 15]
		}, 16, 17]
}