{
    "providers": [ 
        {
            "type": "bitmap",
            "file": "logo:resource/splash.png",
            "ascent": 3,
            "height": 3,
            "chars": [
                "\uF000"
            ]
        },
        {
            "type": "bitmap",
            "file": "logo:resource/version.png",
            "ascent": 10,
            "height": 16,
            "chars": [
                "\uF001"
            ]
        },
        {
            "type": "bitmap",
            "file": "logo:resource/bleedy.png",
            "ascent": 15,
            "height": 25,
            "chars": [
                "\uF002"
            ]
        },
        {
            "type": "bitmap",
            "file": "logo:resource/bleedn.png",
            "ascent": 15,
            "height": 25,
            "chars": [
                "\uF003"
            ]
        },
        {
            "type": "bitmap",
            "file": "logo:resource/blowy.png",
            "ascent": 15,
            "height": 25,
            "chars": [
                "\uF004"
            ]
        },
        {
            "type": "bitmap",
            "file": "logo:resource/blown.png",
            "ascent": 15,
            "height": 25,
            "chars": [
                "\uF005"
            ]
        },
        {
            "type": "bitmap",
            "file": "logo:resource/versionfa.png",
            "ascent": 10,
            "height": 16,
            "chars": [
                "\uF006"
            ]
        },
        {
            "type": "bitmap",
            "file": "logo:resource/versionch.png",
            "ascent": 10,
            "height": 16,
            "chars": [
                "\uF007"
            ]
        },
        {
            "type": "bitmap",
            "file": "logo:resource/cracky.png",
            "ascent": 15,
            "height": 25,
            "chars": [
                "\uF008"
            ]
        },
        {
            "type": "bitmap",
            "file": "logo:resource/crackn.png",
            "ascent": 15,
            "height": 25,
            "chars": [
                "\uF009"
            ]
        },
        {
            "type": "bitmap",
            "file": "logo:resource/gb.png",
            "ascent": 15,
            "height": 25,
            "chars": [
                "\uF011"
            ]
        },
        {
            "type": "bitmap",
            "file": "logo:resource/nogb.png",
            "ascent": 15,
            "height": 25,
            "chars": [
                "\uF012"
            ]
        },
        {
            "type": "bitmap",
            "file": "logo:resource/ik.png",
            "ascent": 15,
            "height": 25,
            "chars": [
                "\uF013"
            ]
        },
        {
            "type": "bitmap",
            "file": "logo:resource/noik.png",
            "ascent": 15,
            "height": 25,
            "chars": [
                "\uF014"
            ]
        },
        {
            "type": "bitmap",
            "file": "logo:resource/icon.png",
            "ascent": 15,
            "height": 25,
            "chars": [
                "\uF015"
            ]
        },
        {
            "type": "bitmap",
            "file": "logo:resource/shell.png",
            "ascent": 11,
            "height": 13,
            "chars": [
                "\uF016"
            ]
        },
        {
            "type": "bitmap",
            "file": "logo:resource/shell2.png",
            "ascent": 11,
            "height": 13,
            "chars": [
                "\uF017"
            ]
        }			
    ]
}